name,lat,lng,suitability_score_predicted
H2O Cafe,27.7178141,85.3474135,95.26517893470748
Unknown Cafe,27.7010153,85.3226018,94.35410722972848
Chiya bhatea,27.7180789,85.3485083,91.75631590372149
Cafe Zen,27.7183047,85.3470401,91.17726980931295
क्याफे डे पासज,27.7183356,85.3464888,89.79746294246314
टिकान मोमो र क्याफे सेन्टर,27.6756155,85.3519291,89.1015607078566
काठमाडौं खाद्य क्याफे,27.7182541,85.3489604,88.08872253264337
ताहारो क्याफे,27.6744633,85.3526165,87.83268427211249
वी२ क्याफे,27.7186321,85.3494023,87.38435078469283
Crown cafe,27.7187863,85.3464301,87.22556946454242
Bakery Cafe Teku,27.6961409,85.3080938,85.56026037827365
Ice cafe,27.7000991,85.3218351,84.54645304799676
Jaiswal Juice Bhandar,27.7000805,85.3218594,84.36119990468622
Coffee Cloud Cafe,27.7061415,85.33371,84.05265975904898
Phileo Cafe,27.7018005,85.3217316,83.64115976026918
Unknown Cafe,27.6839764,85.2985299,83.34629191761516
Unknown Cafe,27.7263913,85.3025702,83.20480590961307
Cafe,27.7016958,85.3268655,83.14135497783711
Green Cafe,27.696748,85.3509388,81.92026122311924
Nepal Tea,27.7178125,85.3448012,81.26835521848206
Unknown Cafe,27.7175541,85.3091367,79.9897026494891
Zoom cafe,27.7197255,85.3460621,79.93988195443328
Unknown Cafe,27.7073033,85.3334616,79.67303338494314
Unknown Cafe,27.714099,85.3484505,79.44947731856362
VELLA BIN CAFE,27.6936013,85.2812899,79.2418734294508
Peace Zone Cafe,27.6937402,85.2824554,78.61516631101013
Unknown Cafe,27.7174556,85.3092434,78.38133627187325
Suprim Cafe Canteen,27.6999548,85.3130766,77.98898366896731
Royal Himalayan coffee,27.719996,85.3457864,77.90496052108968
Unknown Cafe,27.7144997,85.349805,77.82900760246085
Unknown Cafe,27.6951624,85.3357106,77.733783254508
Unknown Cafe,27.6935201,85.2823501,77.16968097447774
Anmol Catering Service,27.6906279,85.3348877,76.77006778880676
The Kwality Food Cafe,27.6931611,85.3149591,76.76849666657057
Unknown Cafe,27.6879899,85.3355698,76.70699330873555
The Free Zone Cafe and Food Land,27.6779369,85.3475603,76.65770196143819
A One cafe,27.6996027,85.3286893,76.4504524954254
चाकु बाकु क्याफे,27.6898499,85.3353921,76.13323426830058
Sagar Coke and Coffee Shop,27.7133195,85.344512,75.96734781540096
The Bakery Cafe,27.7190451,85.3513103,75.77276812551135
Unknown Cafe,27.6906623,85.3348016,75.71891318540429
Unknown Cafe,27.7140182,85.3485477,75.5989449606875
कफी स्टेशन,27.6906972,85.3179342,75.4375094769139
युनिटी फूड क्याफे,27.6935868,85.3146088,75.37205957766163
Unknown Cafe,27.6907642,85.3342747,75.33224383435542
Unknown Cafe,27.719246,85.3514875,75.26662544112557
न्यूयोर्क क्याफे,27.6907767,85.3179357,75.09274713479238
Unknown Cafe,27.6997967,85.3442166,74.6624946763832
चियावाला चाबहिल,27.7170282,85.343528,74.64810429168541
Unknown Cafe,27.7134542,85.3427669,74.58029740234065
Unknown Cafe,27.7182397,85.3102307,74.55995281248435
Unknown Cafe,27.693052,85.3404039,74.22069377753148
Meeting spot ,27.6900693,85.3345818,74.0884279346273
Amigo cafe,27.6886613,85.3353971,73.6531809478569
Unknown Cafe,27.6949284,85.3349583,73.41423742353327
Unknown Cafe,27.7209449,85.3479979,73.02230445731209
Unknown Cafe,27.6984953,85.2992487,72.41651006211318
मिराणा बेकर्स र क्याफे,27.7056125,85.3297384,72.38967512957386
The Biryani House & Cafe,27.71325,85.3422883,71.77715143470937
Unknown Cafe,27.6899912,85.3343574,71.51156627962281
Unknown Cafe,27.6893593,85.3328078,71.46587887720217
Unknown Cafe,27.7130965,85.3421449,71.40049357768406
Aroma,27.7089046,85.3147168,71.14239068028293
मामामिया,27.7088719,85.3150246,71.12397098462391
Redmud Coffee,27.6931779,85.3190344,69.92642406218341
Coffee Ghar,27.7156986,85.3082,69.88422217820431
Himalayan Java,27.7371636,85.3338104,69.6637795679914
लाफिङ सेन्टर,27.7122766,85.3056782,69.15069015210675
Unknown Cafe,27.7154107,85.3086912,68.96426908947437
Unknown Cafe,27.7170094,85.3101934,68.82033610295763
Unknown Cafe,27.7061785,85.3123979,68.80449447810858
Hello Cafe,27.7056969,85.3222178,68.69445134619784
Diamond Cafe,27.6765791,85.346606,68.47430279669973
Unknown Cafe,27.7076603,85.3189448,68.42054172875694
Unknown Cafe,27.7050046,85.3503337,68.09405751865715
Unknown Cafe,27.7249512,85.3530592,68.02032725555864
Meet Point Cafe,27.6953955,85.3408978,67.97246640974645
MoM'S KITCHEN,27.6914823,85.3329545,67.69708944911659
रोम क्याफे,27.6779786,85.3469937,67.64212898702044
Unknown Cafe,27.7094833,85.3146227,67.51376624830763
Mayalu Cafe,27.7352527,85.3054086,67.45575239458651
Unknown Cafe,27.7153615,85.3089237,66.90945111733669
Unknown Cafe,27.7152295,85.3085327,66.809654329235
Unknown Cafe,27.7150875,85.3040672,66.74372289344602
Jhilko Fast Food Cafe,27.6797866,85.3471148,66.4589195616672
Unknown Cafe,27.7141258,85.334162,66.3866682805216
मिराज क्याफे र बेकरी,27.7186788,85.3119127,66.26198553622913
पोर्ट ओबेलो क्याफे हाउस,27.6770791,85.3462073,66.18383112277631
Unknown Cafe,27.7058742,85.322789,66.0312367150496
Unknown Cafe,27.7195553,85.3029955,65.80773226623197
Sahara Tandoori Cafe,27.7068451,85.3227269,65.80743376783613
Unknown Cafe,27.7061168,85.3227821,65.71254385874123
Shreega Cafe,27.7096798,85.3100636,65.64975614367279
Lumbini Cafe,27.6948877,85.3405908,65.46194394043319
Best Food Cafe,27.7066652,85.3229644,65.42636568537348
Unknown Cafe,27.7095485,85.3103734,65.42335084207589
क्याफेटेरिया,27.7089551,85.3166127,65.3181703044179
Chaudary Juice Bhandar,27.7066254,85.3228131,65.31655429423259
हिमालयन ब्रु कफी,27.718273,85.3118525,65.06024909273303
Unknown Cafe,27.7068426,85.3224763,65.05733520789119
Unknown Cafe,27.7058388,85.312433,64.83827643725692
Hot Pot,27.7092396,85.3103229,64.72652958128906
Unknown Cafe,27.6881757,85.3309424,64.58139555839415
Salyan Basanta Tandoori Dawa and Cafe,27.6796172,85.3468835,64.54992699749143
Bluebird Cafe,27.6913179,85.3163433,64.513572569628
रितिशा र फूड क्याफे,27.6752796,85.342384,64.36421266260427
Unknown Cafe,27.7125495,85.2899786,64.26020638048398
Unknown Cafe,27.7244004,85.3311633,64.2408273250532
Tukche Cafe,27.7244731,85.3311136,64.23079221243641
Unknown Cafe,27.7001,85.3428949,63.97993430778875
मेन्जसँग कफी,27.7155088,85.3091966,63.84302517732748
S2 bakery and momo,27.7118262,85.3417089,63.84174960069342
Himalayan Java,27.7069817,85.323031,63.76185074915733
Coffee Time,27.7239892,85.3311792,63.70570808477285
Unknown Cafe,27.7130053,85.2896923,63.599213336126
Red Mud Coffee,27.7166208,85.3545051,63.56644191283673
3D Cafe and Bar,27.7388507,85.3356908,63.35051938008345
Imark Pvt. Ltd,27.7072349,85.3294436,63.16865269649189
Unknown Cafe,27.6894785,85.3281466,62.985868326241736
Chiya Junction,27.6866117,85.3351016,62.98019421881621
निन्जा रोस्ट र टोस्ट क्याफे र बेकरी,27.6895331,85.3284552,62.97592424767387
Stranger Cafe,27.7111207,85.3087644,62.92095581494705
Unknown Cafe,27.7180858,85.3119467,62.84897739444536
गौतम बेकरी,27.7070868,85.3230587,62.81630233480708
निर्मला,27.7161351,85.3099503,62.68964672597972
स्यानको,27.7180537,85.3124557,62.68663882875307
राजिव चिया पसल,27.6848467,85.3352833,62.49028664653843
hangout,27.6850859,85.3346508,62.4256351157632
गरिमा क्याफे,27.675408,85.3448445,62.36694428518493
Green Cafe,27.6753443,85.3447602,62.25949719379935
Fortune Food Cafe & Gazal,27.7425935,85.3394122,62.09271230086617
राजन हाउस,27.6745667,85.3458842,62.05517398407012
Unknown Cafe,27.7384416,85.3351587,62.04136706108206
नेपको क्याफे र रेस्टुरेन्ट,27.712994,85.2898134,61.95218201521852
Coffee & Bites,27.7162594,85.3107362,61.58794033545845
traditional food cafe,27.7101515,85.3135879,61.563838229191475
क्याफे दे जमल,27.7098097,85.314637,61.425664979516306
Bonanza cafe & fast food,27.6736056,85.3428304,61.332256460085276
Tea o'clock,27.68906,85.3283709,61.24690055897901
Unknown Cafe,27.7055989,85.3256988,61.201991045921154
स्वादिष्ट समोसा!,27.728116,85.3544721,61.18043542702041
Tea O' Clock,27.6889878,85.3283317,61.16575167441521
एक्सप्रेसो डिलाईट,27.7094121,85.3166482,61.04970570454216
Momo,27.7113583,85.3087489,60.99897979433516
Coffee Time,27.7073887,85.3274038,60.975186047943396
स्टार क्याफे,27.7094937,85.3165901,60.90352371802422
Kaffee Codes,27.6889038,85.3278908,60.86277858082616
हिमालय जाभा क्याफे,27.7099111,85.3170338,60.69483477030137
chill out,27.7104207,85.3125253,60.66282847634084
Ninja,27.6887906,85.3282544,60.48987933202272
Unknown Cafe,27.7056692,85.3257513,60.33035062594931
यपागोडा क्याफे,27.710532,85.3149905,60.28670494998673
Cafe Cacao,27.7174604,85.311815,60.218349141134325
मोमो पासाल,27.6770413,85.3427952,60.15722381383082
Cake station,27.688673,85.3282727,60.04469958638848
अड्डा,27.6886597,85.3284571,59.96939110226716
Unknown Cafe,27.7383815,85.3352595,59.89256688076421
doban resturants,27.7279967,85.3149955,59.769228754554554
Unknown Cafe,27.7039759,85.3268385,59.59040873226967
Cafe D TAJ,27.6760147,85.3457035,59.57189305436737
Cuppas Cafe,27.7231911,85.2939657,59.549766528140424
Kafe Codes,27.688771,85.3278975,59.42304679407724
Besmullah,27.7174396,85.3122819,59.303511351684705
Motorway Sifal Chiya Pasal,27.7096211,85.3398649,59.19012200338595
राइज एण्ड ग्राइन्ड अर्गानिक कफी शप,27.7114934,85.308897,59.122721351340886
बी. बी. एस. क्याफे,27.6744542,85.3414334,59.01202689015384
Big Bell Sweets And Snacks Pvt.Ltd,27.7079631,85.3196928,58.98865768889942
Cafe de Gengre,27.7116092,85.3089813,58.89434770367449
Trendy Cafe,27.7257736,85.3309047,58.22706385789203
Cafe MAA,27.6889867,85.2865889,58.131160981944774
नाईस फुड क्याफे,27.6737801,85.3420983,57.5311990110914
Cafe Joshi,27.7374175,85.3344683,57.510231113607304
Delicious Cafe,27.7103555,85.3109833,57.43797508494998
Unknown Cafe,27.7027,85.3422324,57.42334278770052
Unknown Cafe,27.7081859,85.322004,57.026994717580166
Unknown Cafe,27.6916172,85.285672,56.89759368944774
Unknown Cafe,27.724934,85.3606975,56.82015234638182
BNR Coffee Shop and Cold Store,27.7165157,85.3330091,56.78024956464861
Chiya Ghar,27.7075147,85.3231409,56.645702174701896
मिन पसल,27.7079204,85.3217593,56.60026100302066
उग्रचण्डी क्याफे,27.6717146,85.3509083,56.48708993097913
Unknown Cafe,27.7232408,85.3309314,56.13997011370974
Bridge Side Cafe,27.7081611,85.3376065,56.129437312666425
Unknown Cafe,27.7060417,85.3094917,56.07570817173246
Coffee Express,27.710668,85.3177124,55.865742272011055
New Cafe,27.6807949,85.3449721,55.85508517938352
अनु बेकरी र कफी पसल,27.7169692,85.3333621,55.68664292668943
Unknown Cafe,27.7059588,85.3094289,55.570551466625375
Unknown Cafe,27.7328738,85.3148602,55.37992898531613
Kwality Cafe,27.7347207,85.3173512,55.3698465902771
Aambo Momo,27.7105902,85.3108615,55.358839275061456
Himalayan Beanz barista and bakery school,27.7085974,85.3259225,55.2978167953026
Global cafe,27.734753,85.3170962,55.1559160463032
सामसरा कफी,27.7202207,85.3308557,54.86975350501474
Unknown Cafe,27.6943726,85.2987035,54.85244689187199
Creeper World,27.7140061,85.3535473,54.66220166965435
Ohana Cafe,27.723121,85.3591408,54.428834037522975
Unknown Cafe,27.6965573,85.3377258,54.41284275371679
Hearten Cafe,27.6972659,85.3379163,54.381132090813885
Islington Canteen,27.7077309,85.3251574,54.24649672448683
A to Z Bakery Cafe,27.7209147,85.331515,54.20751401567976
Cafe 888,27.7232792,85.3601211,54.06713226490516
The Bakery Cafe,27.7012362,85.3110726,53.89527827331281
Taste Of Home,27.7108238,85.3122729,53.85762053556037
De' Alpha Cafe,27.7269047,85.3696624,53.66561870710381
Unknown Cafe,27.7134002,85.3503855,53.47117153510669
Unknown Cafe,27.6902605,85.3641305,53.23408671909501
Paris Foodland And Cafe,27.6828095,85.3462384,53.21301900083303
बेकरी क्याफे,27.7098873,85.3181147,53.10890043501952
Just Coffee Nepal,27.7128297,85.3088942,53.01686730797954
Unknown Cafe,27.7105279,85.3111142,52.93651161410797
Bakery and Coffee Shop,27.6831947,85.3479121,52.831363795461456
Unknown Cafe,27.7204891,85.3564284,52.816900876443505
Unknown Cafe,27.7438263,85.3405843,52.72938147549382
Kantipur Cafe,27.6829973,85.3470072,52.67517552350897
S Cafe,27.6830902,85.3477676,52.669132292298386
Ajju Cafe,27.7082024,85.3382137,52.304530301497415
Unknown Cafe,27.68755,85.3278953,52.22748657758675
Utpala Cafe,27.7246357,85.3622798,51.96636847668783
Raj Coffee Shop,27.6812043,85.3436868,51.805229275116595
Bhatbhateni Cafe,27.7200213,85.330637,51.678827919421394
Rhino Cafe,27.7105782,85.3111406,51.63550169796678
Coctail Cafe and Restro,27.6832792,85.3482417,51.605214711847225
Aaha Lumbini Cafe,27.6833295,85.3484231,51.593145056788465
मगर दाइ को क्याफे,27.6829058,85.3470955,51.1976014319432
Unknown Cafe,27.7385277,85.3355572,51.10633314670784
Himalayan Beans Java,27.7225505,85.3489534,51.02624290287568
कार्गो इन्टरनेट क्याफे,27.7159887,85.3114876,50.833072653996105
Unknown Cafe,27.7281049,85.3698895,50.820658832172555
Unknown Cafe,27.694091,85.319602,50.7625254025858
Siddhartha Sweets and Bakery,27.6832434,85.3477695,50.72843585677661
Nepa Tea,27.7180871,85.3402779,50.700097646866325
Palpasa Coffee,27.7119914,85.3096679,50.697360702862014
Supreme Cafe,27.7020594,85.3107584,50.63105110729881
Karma Cafe,27.7242888,85.362194,50.62218054440481
Unknown Cafe,27.7244291,85.3623216,50.6112091536812
Roadhouse Cafe,27.7200796,85.3315321,50.53814762553912
Freddo Cafe,27.7129274,85.3087436,50.064314586906825
French Bakery,27.7127874,85.3086857,50.05642029573188
Unknown Cafe,27.7041109,85.3103306,49.96912543326073
यौंग हार्ट बेकरी क्याफे,27.6922058,85.3297984,49.90010452713689
Magic Beans,27.7105055,85.3177578,49.822486829574444
Unknown Cafe,27.6875981,85.340054,49.66185926779736
Unknown Cafe,27.6946485,85.2928546,49.648054653588616
Unknown Cafe,27.7185971,85.3366663,49.5647025465866
Down Town Cafe,27.7455935,85.3420463,49.554017990351205
Avocado Cafe,27.7228664,85.3311397,49.53960025749853
Belle Ville,27.7223639,85.3312054,49.43140082204985
RD's Cafe,27.7025705,85.3108261,49.30002762383948
Nepal Tea Collective,27.7150908,85.3096982,49.22405036039617
Teafresho Tea Lounge,27.7116015,85.3126146,49.171275095067244
Café Soma,27.7275171,85.330661,49.14416986696731
Brunch Cafe,27.685152,85.346015,49.119949168006485
Unknown Cafe,27.6968325,85.2930821,49.10993467998734
सलाद क्याफे एण्ड बार,27.7151867,85.310824,48.82247777887096
The Cosy Cafe,27.6854034,85.3456723,48.35266665288871
Cafe Aalya,27.6848009,85.3455217,48.334010002301554
खुशी कफी हाउस (राम मन्दिर मार्ग),27.7049723,85.3416027,47.944021845984444
Unknown Cafe,27.7098282,85.3273068,47.93764263064721
श्याम पान पसल,27.6967354,85.2931566,47.927046800848196
यु बिएंड मोमो एंड काफे,27.6843086,85.3478921,47.85923030345946
EveryDay Food Cafe,27.6854519,85.3458742,47.85396591303413
Indreni Stick Food Cafe,27.6836408,85.3487952,47.79770325234855
Unknown Cafe,27.7087812,85.3244624,47.674422201524706
फ्रेश बिन्ज,27.6875922,85.3408528,47.625967923079045
Bharyang Cafe,27.6856732,85.3453507,47.510104126253054
Unknown Cafe,27.7188053,85.3175635,47.457071264776445
Junction Cafe,27.6845321,85.3444826,47.37400278125248
Roadside Cafe,27.6858625,85.3447406,47.30966118759069
शिशा क्याफे र लाउन्ज,27.703437,85.3103733,47.286864161607355
Beautiful Private Chef,27.7114274,85.3120881,46.97678237597054
Annapurna,27.7153399,85.3116362,46.96716900755817
Universal Cafe,27.7393987,85.3389263,46.914659815119876
Universal Cafe,27.7393436,85.3389259,46.88362511397935
Julie's Bakery Cafe,27.7179184,85.3168442,46.87948138716267
बिया क्याफे बेकरी,27.7121724,85.2880845,46.35140375154734
हार्ड सन क्याफे,27.6756626,85.3393721,46.270265207584345
Susmita Hotel,27.6875204,85.3264731,46.24442916097613
Green Land Cafe,27.6995084,85.3385865,46.15765413312579
Himalayan Java,27.699109,85.3381926,46.08381211427828
Unknown Cafe,27.7172304,85.3156491,45.85235612329532
Ananda khaja ghar,27.7386563,85.326679,45.71891201193963
Fresh Bite Cafe,27.7092816,85.3248981,45.37380916968378
कोटेश्वर पार्टी दरबार,27.6712163,85.3503315,45.11130669731147
नदी सिभर साइड क्याफे,27.6849483,85.3435912,45.01587753950368
Aabhusan Cafe,27.712805,85.32775,44.83701255597584
लामी कफी,27.7142304,85.2946546,44.825948943133234
Unknown Cafe,27.723202,85.3503368,44.579685744408444
Cross Road Cafe,27.708259,85.3395086,44.41928965118744
Unknown Cafe,27.7234135,85.3619161,44.402791491769506
Cosmo De Cafe,27.704721,85.3061516,44.29882844380336
La Dolace Vita,27.7150535,85.3102734,44.18530213202759
Unknown Cafe,27.7304387,85.336393,44.05272442798305
Inderni De Cafe,27.6859223,85.3449714,44.009126988350346
Unknown Cafe,27.711069,85.3281932,43.75245473504896
Coffee Escape,27.7185096,85.3176548,43.749785944476926
Sushant Bakery Cafe,27.719776,85.3373561,43.672939301706776
शितल गार्डेन क्याफे,27.73039,85.3353527,43.65841073643442
Unknown Cafe,27.7369384,85.326424,43.64028106948383
बज्र क्याफे,27.7044882,85.3062093,43.63424457028606
Unknown Cafe,27.7006009,85.3397065,43.57099062339665
हिमालय जाभा कफी,27.7150517,85.3108944,43.37909012589117
Unknown Cafe,27.6929724,85.3669302,43.35768967214142
Chikusa Coffee Shop,27.71182,85.3121664,43.143399281943935
मिठाई पसल,27.7199022,85.3007539,43.12251031185831
Unknown Cafe,27.7243311,85.3645086,42.84751583805826
Khawa Karpo Tasty Noodle Factory,27.7248538,85.3644964,42.83927615036624
RK Cafe,27.7081079,85.3396627,42.73207565619799
Unknown Cafe,27.6930318,85.3280051,42.38956985722591
Cross Road Cafe,27.7080891,85.3395574,42.36910857521749
Maya Pub,27.738297,85.3259847,42.32388156994935
The Bakery Cafe,27.7190407,85.331261,42.32191570408392
Hamro Cafe,27.7119536,85.3121862,42.2088289370657
Unknown Cafe,27.7320573,85.3436325,42.197084840754776
हिमालु भान्सा,27.7152741,85.3121477,42.05955321484839
Newaaz cafe,27.708086,85.3399227,41.825001620157195
New Chatterbox Cafe,27.7246276,85.3645888,41.5749375157896
Aarubari Tea Shop and Bakery,27.735646,85.3771679,41.18917080899459
Samjhana's Cafe,27.7201671,85.3614127,41.18917080899459
Top Ten Momo Center,27.7241735,85.3495426,41.18917080899459
Yangtaru Sekuwa Corner,27.7255002,85.3500831,41.18917080899459
Dada Cafe,27.7342414,85.3567013,41.18917080899459
Unknown Cafe,27.6853114,85.2832328,41.18917080899459
Samjhana Dairy and Coffee Shop,27.6797883,85.3647687,41.18917080899459
Vesper Cafe,27.6761258,85.3135444,41.18917080899459
Cake And Bake,27.6887719,85.3309474,41.18917080899459
Cafe Sayto Kalo,27.6831774,85.3864134,41.18917080899459
GCafe/GMart,27.7202708,85.3625822,41.18917080899459
Himalayan Java 1,27.714949,85.3109555,41.18917080899459
nepal dairy,27.7054122,85.3123875,41.18917080899459
Coffee Shop,27.6766961,85.3256971,41.18917080899459
pasang khaja ghar,27.7149996,85.3387006,41.18917080899459
Ujjama Koffie and Books,27.68443,85.3333679,41.18917080899459
Hermann Helmers Bakery,27.6783303,85.312612,41.18917080899459
Transit Cafe,27.7332513,85.3160903,41.18917080899459
Chattu Chai,27.6691432,85.3529639,41.18917080899459
Bhote ko Hotel,27.7171187,85.3698984,41.18917080899459
Korean Taste Restaurant,27.6743179,85.3182364,41.18917080899459
Cafe 16,27.6760518,85.3126299,41.18917080899459
Manna Cafe,27.678298,85.3122961,41.18917080899459
Cafe Columbus,27.6770864,85.3095229,41.18917080899459
New Orleans Cafe,27.6760015,85.3142368,41.18917080899459
Alsaya Cafe,27.691214,85.3408714,41.18917080899459
Bay 7 Restaurant & Bar,27.6810649,85.3104154,41.18917080899459
Cafe U,27.6826497,85.3062865,41.18917080899459
Himalayan Java Coffee,27.6771935,85.3169467,41.18917080899459
Aroma Himalayan Coffee,27.6676055,85.3218404,41.18917080899459
Unknown Cafe,27.6615087,85.2947464,41.18917080899459
Unknown Cafe,27.6800302,85.386043,41.18917080899459
Unknown Cafe,27.724762,85.3804799,41.18917080899459
Unknown Cafe,27.670972,85.3193643,41.18917080899459
Phyaphulla Resturant,27.7230366,85.3798426,41.18917080899459
Unknown Cafe,27.6759748,85.322936,41.18917080899459
Unknown Cafe,27.6762101,85.3189597,41.18917080899459
चिया पसल,27.6778061,85.3618548,41.18917080899459
Unknown Cafe,27.7405106,85.3994209,41.18917080899459
Unknown Cafe,27.7285622,85.3463772,41.18917080899459
Moms Kitchen and Living Imports,27.6686264,85.3095591,41.18917080899459
Citiy Tandoori Fast Food,27.666634,85.3138694,41.18917080899459
Unknown Cafe,27.6698761,85.3824572,41.18917080899459
Brewshala,27.6776687,85.3110653,41.18917080899459
Kar.ma Coffee,27.6775737,85.3110292,41.18917080899459
Nutopia cafe,27.6749306,85.3254956,41.18917080899459
Himalayan Java cafe,27.6823415,85.3112206,41.18917080899459
Cuts and coffee,27.685216,85.3129742,41.18917080899459
Sesame bakery and coffee,27.6849094,85.3125949,41.18917080899459
Keroneva Cafe,27.6872966,85.3141706,41.18917080899459
Unknown Cafe,27.6839981,85.2397302,41.18917080899459
Unknown Cafe,27.6895546,85.3988129,41.18917080899459
Unknown Cafe,27.6867309,85.3971358,41.18917080899459
Unknown Cafe,27.6885664,85.3974137,41.18917080899459
Unknown Cafe,27.6776598,85.3138856,41.18917080899459
Crave,27.6797926,85.3191098,41.18917080899459
Unknown Cafe,27.6696453,85.3279588,41.18917080899459
Unknown Cafe,27.7366601,85.3481508,41.18917080899459
Unknown Cafe,27.6700363,85.3189878,41.18917080899459
Unknown Cafe,27.7325648,85.3442326,41.18917080899459
Unknown Cafe,27.687271,85.248888,41.18917080899459
Unknown Cafe,27.6884037,85.2702181,41.18917080899459
Evoke Cafe & Bistro,27.6760993,85.3107239,41.18917080899459
क्रसरोड कफी हाउस,27.6578097,85.3259508,41.18917080899459
Numa's Cafe,27.6855317,85.3071544,41.18917080899459
Eliz cafe,27.6770715,85.2807432,41.18917080899459
Charlotte Cafe,27.6703332,85.3201528,41.18917080899459
Unknown Cafe,27.6755912,85.3853638,41.18917080899459
Coffee Tea & Me,27.6743388,85.3253999,41.18917080899459
Unknown Cafe,27.7008244,85.3826938,41.18917080899459
Nepabeanz,27.6870772,85.3115872,41.18917080899459
Cafe Chheli,27.6763813,85.3120522,41.18917080899459
Unknown Cafe,27.7463261,85.316654,41.18917080899459
Unknown Cafe,27.6572062,85.3216051,41.18917080899459
Unknown Cafe,27.6570123,85.3183923,41.18917080899459
Unknown Cafe,27.6718246,85.3878508,41.18917080899459
काइरोस क्याफे,27.6751441,85.3104475,41.18917080899459
Bricks cafe,27.6857434,85.3178048,41.18917080899459
PD Coffee Lab,27.6860176,85.3156255,41.18917080899459
Unknown Cafe,27.6628945,85.2943699,41.18917080899459
फालानो कफी घर,27.6792609,85.3170332,41.18917080899459
प्रेगो बेकरी क्याफे,27.7316427,85.344813,41.18917080899459
Khyaspaal Koffee,27.7346352,85.3463886,41.18917080899459
Unknown Cafe,27.6766295,85.3189936,41.18917080899459
Unknown Cafe,27.6782188,85.3156226,41.18917080899459
Busy Bean,27.6772801,85.3091608,41.18917080899459
Unknown Cafe,27.6781984,85.3128841,41.18917080899459
Unknown Cafe,27.6783062,85.312212,41.18917080899459
Sharma's Tea Shop,27.6890496,85.3127722,41.18917080899459
ला पाना-अर्जेन्टिनी क्याफेटेरिया,27.6764587,85.3086333,41.18917080899459
Mustang coffee,27.6859348,85.3162048,41.18917080899459
Sami croissantery,27.6839466,85.3122468,41.18917080899459
Unknown Cafe,27.685968,85.3176597,41.18917080899459
Cherdung Cafe,27.7010018,85.2533147,41.18917080899459
Chiba Cafe,27.6587548,85.3459561,41.18917080899459
Unknown Cafe,27.6712811,85.3264751,41.18917080899459
Unknown Cafe,27.6815132,85.3176079,41.18917080899459
Unknown Cafe,27.6756572,85.326514,41.18917080899459
Unknown Cafe,27.7235524,85.2711873,41.18917080899459
Unknown Cafe,27.6747448,85.3232558,41.18917080899459
Unknown Cafe,27.6747667,85.3227411,41.18917080899459
Unknown Cafe,27.749123,85.2953315,41.18917080899459
Unknown Cafe,27.6648349,85.3190656,41.18917080899459
Unknown Cafe,27.6701675,85.3242253,41.18917080899459
अमित अंकित खाजा घर (अड्डा),27.6905661,85.2828665,41.18917080899459
Unknown Cafe,27.6810705,85.3205353,41.18917080899459
Unknown Cafe,27.6811137,85.3204159,41.18917080899459
Unknown Cafe,27.6889259,85.3089849,41.18917080899459
Woodland Cafe,27.7294287,85.3603859,41.18917080899459
Unknown Cafe,27.6569384,85.3217452,41.18917080899459
Unknown Cafe,27.7453621,85.316962,41.18917080899459
धन दाइको खाजा घर,27.6625724,85.3193382,41.18917080899459
Unknown Cafe,27.728377,85.3516377,41.18917080899459
Unknown Cafe,27.6995757,85.2811467,41.18917080899459
Ruby Bakery Cafe,27.6742674,85.3723917,41.18917080899459
Swostika Khaja Ghar,27.6717363,85.3644536,41.18917080899459
Irani Chiya,27.6724886,85.3565077,41.18917080899459
Unknown Cafe,27.7425386,85.3647909,41.18917080899459
Unknown Cafe,27.6736885,85.3730701,41.18917080899459
Siwakoti Chiya Pasal,27.6654486,85.3242827,41.18917080899459
Coffee Break Cafe,27.6667284,85.3244819,41.18917080899459
Funko Food Cafe,27.6683853,85.3229691,41.18917080899459
Unknown Cafe,27.7000176,85.3677454,41.18917080899459
मोक्तान क्याफे,27.6816055,85.3201114,41.18917080899459
Unknown Cafe,27.6533294,85.3047916,41.18917080899459
Unknown Cafe,27.6720257,85.3169819,41.18917080899459
Caffeophilia,27.6723068,85.3254709,41.18917080899459
Unknown Cafe,27.7395251,85.3117364,41.18917080899459
Unknown Cafe,27.6856343,85.3206265,41.18917080899459
Unknown Cafe,27.6887044,85.3949046,41.18917080899459
Mocha Pot,27.6784388,85.3142984,41.18917080899459
Unknown Cafe,27.6827737,85.3871936,41.18917080899459
Dani's Handmade Coffee,27.6728835,85.3245667,41.18917080899459
Chiya Pasal,27.6732916,85.3247873,41.18917080899459
Mellow Mug,27.6809659,85.3204337,41.18917080899459
द लन्च बक्स,27.6861575,85.315713,41.18917080899459
चिया र कफी,27.6627453,85.3059894,41.18917080899459
Unknown Cafe,27.6837201,85.3859155,41.18917080899459
सनराइज क्याफे,27.6877796,85.3162127,41.18917080899459
CHANDI BRO,27.7424502,85.3297819,41.18917080899459
Unknown Cafe,27.6767012,85.3162108,41.18917080899459
रवि क्याफे,27.6675478,85.344805,41.18917080899459
आँगन क्याफे,27.670558,85.3335939,41.18917080899459
Unknown Cafe,27.6850752,85.3873125,41.18917080899459
नेवा क्याफे एण्ड फास्टफूड,27.6833582,85.3189191,41.18917080899459
Narayan Krishna Hotel And Newari Khaja Ghar,27.6807113,85.3861075,41.18917080899459
Swotha Tea and Coffee Shop,27.67488,85.3254496,41.18917080899459
कर्म कफी ,27.6774904,85.311412,41.18917080899459
Unknown Cafe,27.6749456,85.3235338,41.18917080899459
Unknown Cafe,27.6745195,85.3234431,41.18917080899459
Unknown Cafe,27.6743874,85.3235756,41.18917080899459
Cafe,27.7217885,85.3738388,41.18917080899459
काइजर क्याफे,27.7140917,85.3151222,41.18917080899459
pandey galli cafe,27.6979263,85.3353561,41.18917080899459
St. Davis Academy Canteen,27.7311561,85.3492205,41.18917080899459
Royal Alina's Bakery Cafe,27.6883758,85.3332661,41.18917080899459
Dhokhaima Cafe,27.6782463,85.3209385,41.18917080899459
Drip Inn,27.6753239,85.3263156,41.18917080899459
The coffee crafter cafe and academy,27.6756497,85.3261245,41.18917080899459
Namaste Khaja Ghar,27.679481,85.3858776,41.18917080899459
सन क्याफे एण्ड बार,27.6785309,85.3102327,41.18917080899459
Unknown Cafe,27.6716826,85.3644137,41.18917080899459
Unknown Cafe,27.6752887,85.323854,41.18917080899459
खासी बाख्राको घर,27.6682338,85.3527058,41.18917080899459
Coffee and Cupcakes,27.6821723,85.3168394,41.18917080899459
Nilkantha's tea shop,27.6747052,85.2792158,41.18917080899459
Chat Pate Pasal,27.676753,85.2787785,41.18917080899459
Bekharam's Cafe and Ice-cream,27.6733179,85.2760882,41.18917080899459
MM Cyber,27.6734825,85.2799798,41.18917080899459
Kathmandu Milkbar,27.6857348,85.3334917,41.18917080899459
Unknown Cafe,27.7365684,85.3484976,41.18917080899459
Bake & Brew cafe,27.675027,85.3600452,41.18917080899459
Unknown Cafe,27.6837535,85.3857514,41.18917080899459
HImalayan Java Baluwatar,27.726702,85.3307019,41.18917080899459
Unknown Cafe,27.745874,85.3474071,41.18917080899459
Unique bakery,27.6667704,85.3842144,41.18917080899459
sekuwa corner,27.7492159,85.3470799,41.18917080899459
Royal Food Cafe,27.6641281,85.3153017,41.18917080899459
S Cafe and Coffee Shop,27.6866445,85.3094098,41.18917080899459
BGanesh Maharan's cafe,27.6730065,85.2770844,41.18917080899459
Unknown Cafe,27.6716253,85.2820784,41.18917080899459
MM cyber,27.6702032,85.2809058,41.18917080899459
Pappu Paratha Pasal,27.692768,85.2787744,41.18917080899459
बिरगंज पर्सा सेकुवा कर्नर,27.6929705,85.2794094,41.18917080899459
स्टार बीन क्याफे,27.683142,85.3054544,41.18917080899459
Urban De Cafe,27.6705404,85.2799589,41.18917080899459
Unknown Cafe,27.6519853,85.3425363,41.18917080899459
Unknown Cafe,27.6960789,85.3772064,41.18917080899459
Unknown Cafe,27.6997466,85.3789979,41.18917080899459
The Food Gallery / Mudula Mart,27.6994849,85.3834368,41.18917080899459
Unknown Cafe,27.7014293,85.3791227,41.18917080899459
Unknown Cafe,27.7066906,85.377531,41.18917080899459
Unknown Cafe,27.7062917,85.3730802,41.18917080899459
Unknown Cafe,27.7108059,85.3735462,41.18917080899459
Unknown Cafe,27.7067246,85.3779546,41.18917080899459
Unknown Cafe,27.7073238,85.2821474,41.18917080899459
Unknown Cafe,27.7441868,85.3474766,41.18917080899459
Unknown Cafe,27.6547516,85.2283346,41.18917080899459
Unknown Cafe,27.6849755,85.3074165,41.18917080899459
jj,27.72376,85.3755369,41.18917080899459
Poets´ Corner,27.6734168,85.2798256,41.18917080899459
Entrance Cafe,27.6807757,85.3211399,41.18917080899459
ku,27.7233313,85.3780739,41.18917080899459
monu thapa khaja ghar,27.667657,85.3094719,41.18917080899459
the swkuwa and tass ghar,27.6720317,85.3170501,41.18917080899459
Manavog Cafe,27.6719459,85.3121674,41.18917080899459
Bijukchhe Khaja Ghar,27.673687,85.3119559,41.18917080899459
Chiya Pasal,27.6697599,85.3125156,41.18917080899459
New Tasty Khaja Ghar,27.6707265,85.3119549,41.18917080899459
Kathmandu Tea Room,27.670217,85.3123899,41.18917080899459
Abishek khaja Ghar,27.6708713,85.3120842,41.18917080899459
Unknown Cafe,27.6750366,85.3630475,41.18917080899459
CS sekuwa,27.7313219,85.3491615,41.18917080899459
fyafulla,27.7214097,85.3796805,41.18917080899459
Selfie Food Cafe,27.7469311,85.347852,41.18917080899459
Unknown Cafe,27.7475629,85.3479785,41.18917080899459
Vintage Tea House,27.6815175,85.3862733,41.18917080899459
Madhyapur Dairy and Coffee Shop,27.6809112,85.3860694,41.18917080899459
हिमालय जाभा कफी,27.6575383,85.3262045,41.18917080899459
Tea shop,27.682494,85.2870233,41.18917080899459
Hello Sister Cafe,27.6825688,85.286113,41.18917080899459
Khimu Store,27.6767064,85.3855732,41.18917080899459
Lila Cold Store,27.6715423,85.2764525,41.18917080899459
युनिटी फूड क्याफे,27.6583085,85.3239765,41.18917080899459
AITM Tea Shop,27.6569487,85.3329305,41.18917080899459
भाउजूको भट्टी,27.6817082,85.3199675,41.18917080899459
Roadhouse Cafe,27.6761042,85.3130233,41.18917080899459
Café Soma,27.6786722,85.3104479,41.18917080899459
Khaja Ghar,27.674407,85.39254,41.18917080899459
Kathmandu Coffee,27.6538132,85.3044253,41.18917080899459
Yaktumba De-Cafe,27.6543036,85.3057008,41.18917080899459
Work N Roll,27.6715851,85.3159634,41.18917080899459
Unknown Cafe,27.6678446,85.3164552,41.18917080899459
Unknown Cafe,27.6665351,85.3142779,41.18917080899459
Common Cafe Sekuwa Corner,27.6671784,85.3163129,41.18917080899459
Lemon tree bakery cafe,27.6537027,85.3036805,41.18917080899459
Lotus Cafe,27.6743247,85.3720818,41.18917080899459
Special coffee shop and khaja Ghar,27.6741991,85.3663319,41.18917080899459
ASSA Cafe,27.6701365,85.3096762,41.18917080899459
College Cafe,27.6892373,85.3121829,41.18917080899459
Top Of The World Coffee,27.6806586,85.3104612,41.18917080899459
Prashanna's Cafe,27.6706835,85.2790149,41.18917080899459
momomiya darjeeling restaurant,27.6687439,85.3097523,41.18917080899459
Tandoori fast food,27.671919,85.3129037,41.18917080899459
Newari Fast Food,27.6688312,85.3098016,41.18917080899459
Goel Bakery,27.6689905,85.3100817,41.18917080899459
Flames Restro cafe,27.7334187,85.3456452,41.18917080899459
Chiya Pub,27.7137313,85.3064913,41.18917080899459
Nanglo Bakery Cafe,27.6961126,85.3079556,41.18917080899459
The Yellow House,27.6823471,85.3058938,41.18917080899459
काइजर क्याफे,27.7138528,85.3150863,41.18917080899459
Burger Bites,27.7081426,85.3387271,41.18917080899459
Himalayan beanz,27.6791697,85.3077801,41.18917080899459
RDX Cafe,27.6941128,85.336959,41.18917080899459
Cafe Terrace D'Stupa,27.7210726,85.3624842,41.18917080899459
Roshan Cold Store,27.6765337,85.3254382,41.18917080899459
Prime Cafe,27.6797155,85.2787421,41.18917080899459
Cafe Chino,27.6793788,85.3203074,41.18917080899459
Ace Food Cafe,27.733023,85.3057825,41.18917080899459
Road House Cafe,27.6508391,85.3016939,41.18917080899459
Fsquare Innomotive Cafe,27.6909208,85.3388556,41.18917080899459
How I Met Coffee,27.7149713,85.3091488,41.18917080899459
Krishna Khaja Ghar,27.6741841,85.380032,41.18917080899459
Jiwan Dairy and Coffee Shop,27.6744984,85.3802486,41.18917080899459
Green Belt Momo centre,27.7423306,85.3332257,41.18917080899459
Oasis Cafe,27.7396353,85.3269549,41.18917080899459
New Horizon cafe,27.7385718,85.3252583,41.18917080899459
80's Cafe,27.7419992,85.3310492,41.18917080899459
nikesh khaja ghar,27.7144292,85.3386096,41.18917080899459
Hamro Cafe,27.6682191,85.3330537,41.18917080899459
स्काई क्याफे,27.7353659,85.3170864,41.18917080899459
The Radung cafe,27.7364672,85.3175866,41.18917080899459
Kaffi and bites,27.7393894,85.3256881,41.18917080899459
Pratistha cafe,27.7414592,85.330177,41.18917080899459
Thali cafe,27.7415283,85.330287,41.18917080899459
New K.S.M.S. Fast Food And Cafe,27.6663142,85.2656169,41.18917080899459
Araniko Cafe,27.6540984,85.3920175,41.18917080899459
Unknown Cafe,27.6781041,85.3079012,41.18917080899459
Quick bites cafe,27.6691054,85.2825027,41.18917080899459
फल्चा food station,27.6700744,85.2815227,41.18917080899459
Quality  veg and bakery cafe,27.669888,85.2819644,41.18917080899459
Shankapur Newari Khaja Ghar,27.6718811,85.2796205,41.18917080899459
Stick food  cafe,27.6721467,85.2797922,41.18917080899459
सुदूरपश्चिम खाजा र खाना घर,27.6699392,85.2815956,41.18917080899459
मामाजीको खाजा घर,27.669985,85.281985,41.18917080899459
Mahalaxmi Cafe,27.6712514,85.2773099,41.18917080899459
D Aroma Fast Food,27.671398,85.2764486,41.18917080899459
Pabitra and pratik panipuri,27.6699799,85.2793505,41.18917080899459
मिस यू पानिपुरी,27.6700069,85.2819373,41.18917080899459
Newari Khaja and Cafe,27.6905035,85.2772537,41.18917080899459
Flame cafe,27.6825547,85.278853,41.18917080899459
Samba's momo,27.6740529,85.2801451,41.18917080899459
Classic sports and bar,27.6741837,85.2802914,41.18917080899459
Pipal Cafe,27.6751497,85.2769344,41.18917080899459
Bake 8,27.6766095,85.2760662,41.18917080899459
Aarohi Fast Food And Cafe,27.661499,85.2782202,41.18917080899459
Centerpoint,27.6500481,85.2812923,41.18917080899459
Dhading khaja ghar,27.651835,85.286215,41.18917080899459
UB food corner,27.6551886,85.2768355,41.18917080899459
Sanjib hotel,27.6553063,85.2794818,41.18917080899459
Miss you Pani puri,27.6659129,85.2921106,41.18917080899459
We'll come hira coffee shop,27.6657668,85.29105,41.18917080899459
Upendra tea shop,27.6679814,85.2756282,41.18917080899459
Green house cafeteria,27.6657684,85.2735829,41.18917080899459
Dawn cafe,27.668079,85.2786984,41.18917080899459
Dd Bahini Khaja Ghar,27.6901332,85.2778513,41.18917080899459
Billiards Cafe,27.6851595,85.2508755,41.18917080899459
Bukeba Cafe,27.683493,85.3128823,41.18917080899459
Newa Café,27.6744488,85.2769286,41.18917080899459
Kirtipur Cafeteria,27.6799577,85.2845558,41.18917080899459
Arnee cafe,27.680577,85.2792905,41.18917080899459
Aries canteen,27.6813543,85.2852353,41.18917080899459
Education canteen,27.6828569,85.2835373,41.18917080899459
Cafeteria khaja ghar,27.6798644,85.2845156,41.18917080899459
Khotang khaja ghar,27.6808173,85.281465,41.18917080899459
China Chautari Cafe,27.6758606,85.2811568,41.18917080899459
Tea and hub,27.6814167,85.2794291,41.18917080899459
New B.S.S.Sweet shop,27.6767076,85.2809059,41.18917080899459
Dawn To Dusk Fast Food and bakery,27.6863063,85.2773108,41.18917080899459
Unknown Cafe,27.6774056,85.3969391,41.18917080899459
Unknown Cafe,27.6756832,85.3943397,41.18917080899459
Unknown Cafe,27.6776571,85.395431,41.18917080899459
Urmi Coffee and Food Land,27.6775259,85.3984478,41.18917080899459
Freshco cafe,27.6768911,85.3982145,41.18917080899459
Ramesh Cafe,27.6853498,85.3877807,41.18917080899459
Ridam Khaja Ghar,27.6776434,85.3928608,41.18917080899459
Unknown Cafe,27.6792384,85.3906453,41.18917080899459
Unknown Cafe,27.6792367,85.3906614,41.18917080899459
Sumitra Khaja Ghar,27.6756167,85.3909872,41.18917080899459
Unknown Cafe,27.6746695,85.3891405,41.18917080899459
Kavre Bhojanalaya And Coffee Shop,27.6743388,85.3889655,41.18917080899459
Pasang Dolmo Hotel And Khaja Ghar,27.675207,85.388006,41.18917080899459
हिप हप पानिपुरी,27.6761068,85.279402,41.18917080899459
Laxmi Bahadur Tea Shop,27.6791976,85.2766063,41.18917080899459
Momo and Newari khaja ghar,27.672008,85.2726744,41.18917080899459
Deepa Khaja Ghar,27.6723051,85.2734639,41.18917080899459
Sonu Khaja Ghar,27.6728997,85.2740391,41.18917080899459
Rashna Store,27.6783674,85.2753664,41.18917080899459
Newari Khaja And Cafe,27.6905551,85.2774243,41.18917080899459
New Fast food Khaja Ghar,27.6882481,85.2774168,41.18917080899459
Chapate Panipuri Shop,27.6801644,85.2795927,41.18917080899459
Dhuna Tapari momo,27.6885992,85.2777468,41.18917080899459
Kirtipur Newari Khaja  Ghar,27.6808319,85.279069,41.18917080899459
Suwash Khaja Ghat,27.6903004,85.2803175,41.18917080899459
Sewaro Khaja Ghar,27.6901953,85.2788016,41.18917080899459
Khana And Khaja Ghar,27.6907237,85.2771329,41.18917080899459
हाम्रो रेस्टुरेन्ट र क्याफे,27.6810272,85.2792886,41.18917080899459
Crossway,27.6734099,85.2647137,41.18917080899459
Newari Khaja Ghar,27.6520933,85.2865816,41.18917080899459
R.N. Bjojanalaya,27.658156,85.2912926,41.18917080899459
Rina khaja ghar,27.6595643,85.2692443,41.18917080899459
Jalbinayak Newari Khaja Ghar,27.6583442,85.2912746,41.18917080899459
Godam khaja ghar,27.6627986,85.2540968,41.18917080899459
Mantri khaja ghar and pul house,27.6630855,85.2580846,41.18917080899459
Bimala Tamang khaja ghar,27.663927,85.2650934,41.18917080899459
S.S. khaja ghar,27.661309,85.2588287,41.18917080899459
NIS Cafe,27.666944,85.2664196,41.18917080899459
Gulmeli khaja and momo house,27.6687304,85.2689513,41.18917080899459
Sabita kirana tadha chiya pasal,27.6607649,85.2593319,41.18917080899459
Falguni momo house,27.6669519,85.2666457,41.18917080899459
Chwasaa chussai food,27.6639731,85.2537447,41.18917080899459
योक टेक,27.6713713,85.3073888,41.18917080899459
Cafe Mozart,27.6819011,85.3109421,41.18917080899459
वन2 वन क्याफे,27.6584308,85.317097,41.18917080899459
Unknown Cafe,27.6830168,85.3863462,41.18917080899459
A Cube Cafe,27.6898738,85.305712,41.18917080899459
Junction Cafe,27.6729425,85.3156059,41.18917080899459
Albino Cafe,27.6785368,85.3053952,41.18917080899459
A Cafe and Lounge,27.6750154,85.3023732,41.18917080899459
The Green Cafe,27.6759908,85.3158284,41.18917080899459
The Dream Cafe,27.6705475,85.3196002,41.18917080899459
Jars of Clay Cafe,27.6774038,85.3087238,41.18917080899459
City Food Cafe Restaurant,27.6813986,85.317548,41.18917080899459
Chiya Chuskee,27.7301638,85.3480874,41.18917080899459
New Puja Sweets,27.6749727,85.2808871,41.18917080899459
Friendly Beans,27.6754253,85.2812058,41.18917080899459
Sulav Hotel,27.6773371,85.2748319,41.18917080899459
Binda Dd Ko Khaja Ghar,27.6591227,85.2928512,41.18917080899459
Newari Khaja Ghar And Snowkhar John,27.6628034,85.2882426,41.18917080899459
Jalbinayak Newari Khaja Ghar,27.6572229,85.2909456,41.18917080899459
क्याफे दी चोवार,27.6620712,85.2877116,41.18917080899459
Dhading khaja ghar and bhojnalaya,27.6518109,85.2860446,41.18917080899459
बिक्रम दाइको नेवारी खजा र सेकुवा,27.6575669,85.2912628,41.18917080899459
म्युजिक क्याफे र खाजा घर,27.6626546,85.2882341,41.18917080899459
Ghaite Tea and Cafe,27.6698348,85.3100013,41.18917080899459
उपनगर क्याफे एण्ड इन,27.6846866,85.3126051,41.18917080899459
Three by Four Cafe and Bar,27.6830964,85.3067438,41.18917080899459
next cafe,27.6794534,85.3101079,41.18917080899459
Himalayan Java Coffee,27.6790775,85.3100067,41.18917080899459
Jalpa Coffee Club,27.6815496,85.3106779,41.18917080899459
क्याफे कुचिनो,27.6784166,85.3132541,41.18917080899459
Chiya Ghar,27.6729761,85.3244552,41.18917080899459
Unknown Cafe,27.6755958,85.3208663,41.18917080899459
Unknown Cafe,27.676629,85.3264339,41.18917080899459
Unknown Cafe,27.6749148,85.3247483,41.18917080899459
Unknown Cafe,27.6761765,85.3254045,41.18917080899459
Unknown Cafe,27.6762505,85.3207525,41.18917080899459
Unknown Cafe,27.6707335,85.3268399,41.18917080899459
Unknown Cafe,27.6731428,85.3239728,41.18917080899459
क्याफे डे पाटन,27.6731804,85.3240636,41.18917080899459
क्याफे समया बाजी,27.6735199,85.3263386,41.18917080899459
Unknown Cafe,27.6730332,85.3243908,41.18917080899459
Shubham Khaja ghar,27.6861348,85.3069966,41.18917080899459
Mag Cafe,27.6788715,85.3099,41.18917080899459
खुसी बर्गर हाउस,27.6710672,85.3079903,41.18917080899459
Happy Panda Tea and Snacks,27.6730507,85.3078213,41.18917080899459
Unknown Cafe,27.6725041,85.3234767,41.18917080899459
Unknown Cafe,27.672352,85.3235168,41.18917080899459
Unknown Cafe,27.672787,85.3234687,41.18917080899459
नेवा नासा ज्वाला,27.6730519,85.3236155,41.18917080899459
ItalCaffe,27.669854,85.3163179,41.18917080899459
Food Universe Cafe,27.6716109,85.3161255,41.18917080899459
एनडीको,27.6693345,85.3357777,41.18917080899459
The Side Walk Cafe,27.6736793,85.3244212,41.18917080899459
D'square Cafe,27.673636,85.3247448,41.18917080899459
kwalkhu cafe,27.6745207,85.324559,41.18917080899459
क्याफे डु पाटन,27.6739665,85.3254442,41.18917080899459
Khaja Ghar Bhojanalaya,27.6737663,85.3720156,41.18917080899459
Kavre Bhojanalaya,27.6736122,85.3755146,41.18917080899459
Chilly Cafe,27.6737341,85.3731909,41.18917080899459
Unknown Cafe,27.672269,85.3236938,41.18917080899459
Unknown Cafe,27.6731961,85.3236419,41.18917080899459
Unknown Cafe,27.6723462,85.3235603,41.18917080899459
Unknown Cafe,27.6705298,85.3267363,41.18917080899459
Pukucha Cafe,27.6754836,85.3210118,41.18917080899459
Jijivisha Cafe & Restro,27.6756513,85.32073,41.18917080899459
Patan Lassi Station and Tea Coffee,27.6774369,85.3213986,41.18917080899459
De Karma Cafe,27.6737982,85.3242457,41.18917080899459
Paal,27.6760621,85.3200337,41.18917080899459
Boba & Coco,27.6744017,85.3243115,41.18917080899459
Bakery And Coffee,27.6698602,85.352708,41.18917080899459
ताशी डेली क्याफे,27.6689081,85.3529591,41.18917080899459
Manohara Indoor Cafe,27.6712006,85.3563435,41.18917080899459
CBC Cafe,27.6729063,85.3597245,41.18917080899459
सिटी भ्यू क्याफे,27.6834052,85.3119197,41.18917080899459
फ्युजन फूड क्याफे,27.6863878,85.3132407,41.18917080899459
Cafe Mirmire,27.7421854,85.3292435,41.18917080899459
Bubble Tea,27.7452831,85.3290593,41.18917080899459
Kitli Chiya,27.7462637,85.3271158,41.18917080899459
3 Star Coffee and Crunch,27.7463759,85.3270258,41.18917080899459
Shrijana Special Chiya Pasal,27.7464696,85.3261832,41.18917080899459
Snooker Cafe,27.7354999,85.3076783,41.18917080899459
Green City Cafe,27.7370038,85.3228965,41.18917080899459
Cafe Tree Netra,27.7369324,85.3227653,41.18917080899459
R .J cafe,27.7391083,85.3165312,41.18917080899459
गुरु क्याफे,27.7369224,85.3193955,41.18917080899459
The Woodys Cafe,27.6696839,85.3547832,41.18917080899459
ब्रदर्स  वुड  क्याफे,27.6701631,85.3528084,41.18917080899459
Pizza Cafe With Gaming House,27.6702623,85.3528772,41.18917080899459
Swadilo Cafe,27.735063,85.3111191,41.18917080899459
बरिस्त,27.7354065,85.3166593,41.18917080899459
Ramechap Khana Khaja And Momo Ghar,27.6747824,85.3715855,41.18917080899459
Mountainbrew Coffee Academy,27.7372436,85.3162895,41.18917080899459
Thali Cafe,27.7418112,85.3307291,41.18917080899459
Cups,27.7405887,85.3262692,41.18917080899459
costa coffee,27.6882997,85.3684728,41.18917080899459
Western Foods Bakery and Cafe,27.7471117,85.3155397,41.18917080899459
jammys bubble tea,27.7381586,85.3140083,41.18917080899459
Chiya Coffee Cafe,27.7373331,85.3117172,41.18917080899459
Unknown Cafe,27.7435321,85.3156918,41.18917080899459
Kaka and vatij Cafe,27.7376017,85.316879,41.18917080899459
Yellow Cafe,27.7433556,85.3299225,41.18917080899459
S & S Food Corner,27.6650216,85.3671759,41.18917080899459
Shrestha Food & Cafe,27.6651059,85.3670834,41.18917080899459
Puspanjali Top Momo Centre,27.6651796,85.36672,41.18917080899459
Coffee Station,27.6718882,85.3879077,41.18917080899459
Unknown Cafe,27.6785413,85.398716,41.18917080899459
Satkar Food Land,27.6761743,85.3979181,41.18917080899459
Hardik 2 Khaja Ghar,27.6760276,85.3978718,41.18917080899459
Michael Momo,27.6757329,85.3977403,41.18917080899459
Tea Time Cafe,27.6820774,85.3794082,41.18917080899459
Jhol Momo,27.6734967,85.3647123,41.18917080899459
Unknown Cafe,27.6724842,85.3647727,41.18917080899459
Sangam Khaja Ghar,27.6723446,85.364831,41.18917080899459
Hamro Khaja Ghar,27.6723913,85.3648114,41.18917080899459
Bud's Cafe,27.6870644,85.3660685,41.18917080899459
5 Flavours Puchka House and Cafe,27.6870488,85.3660511,41.18917080899459
तहरा क्याफे,27.7395291,85.31616,41.18917080899459
Newari Khaja GHar And Momo House,27.6753988,85.388185,41.18917080899459
Khaja Ghar,27.6740911,85.3874092,41.18917080899459
Unknown Cafe,27.6742396,85.3874085,41.18917080899459
Malta Newari Khaja And Special Jhol Momo,27.674552,85.3873643,41.18917080899459
Parisama Bhojanalaya,27.6742325,85.388238,41.18917080899459
Neera's Cafe,27.6742087,85.3881133,41.18917080899459
Araniko Staff Bhojanalaya,27.674369,85.3887731,41.18917080899459
Unknown Cafe,27.6746636,85.3892183,41.18917080899459
Ram Daiko Khaja Ghar,27.6885289,85.3983164,41.18917080899459
Unknown Cafe,27.688656,85.3978068,41.18917080899459
Unknown Cafe,27.681084,85.3979462,41.18917080899459
Dharaney Numbari Sekuwa Corner,27.6791565,85.3981018,41.18917080899459
Khotangey Khajaghar Tatha Bhojanalaya,27.6798988,85.3973038,41.18917080899459
Jugal Cafe,27.6895882,85.3890561,41.18917080899459
Ba Ko Chiya Pasal,27.6650705,85.3685561,41.18917080899459
Unknown Cafe,27.6650548,85.3673878,41.18917080899459
Bishwo Binayak Khaja Ghar,27.6810357,85.3859344,41.18917080899459
Madhyapur A. One Khaja Ghar,27.6792539,85.3858569,41.18917080899459
Madhyapur Newa Nasha: Chey,27.6799219,85.3860171,41.18917080899459
New Crystal Street Food,27.6800823,85.3861217,41.18917080899459
Mahim Cafe,27.6799843,85.386569,41.18917080899459
Ujjwal Dairy Shop,27.6755627,85.3609577,41.18917080899459
Trik Khaja Ghar,27.6784506,85.3862339,41.18917080899459
R And R Newari Khaja tatha Momo Centre,27.6785449,85.3833711,41.18917080899459
Bishal Momo And Stick Food,27.6779997,85.3833295,41.18917080899459
Unknown Cafe,27.6778596,85.3833443,41.18917080899459
Chasi Newari Khaja Tatha Bojanalaya,27.6774938,85.3833309,41.18917080899459
Chiyawala,27.682676,85.3415434,41.18917080899459
Cafe Hessed,27.6759765,85.3143833,41.18917080899459
Jhapali Chiya Pasal,27.6787655,85.3212468,41.18917080899459
चिया पसल,27.6784874,85.3211957,41.18917080899459
Chiya Pasal,27.6781561,85.3214047,41.18917080899459
Transit Cafe,27.6737995,85.3119374,41.18917080899459
coffee corner,27.6715757,85.3193698,41.18917080899459
Unknown Cafe,27.669445,85.3284707,41.18917080899459
Alinas Bakery Cafe,27.6725083,85.3152217,41.18917080899459
The bakery cafe,27.6727379,85.3139678,41.18917080899459
Museum Cafe,27.6733205,85.325561,41.18917080899459
Lu Swa: Nasa Che,27.6774356,85.3833403,41.18917080899459
Dev Darsan Cafe,27.7245052,85.3495467,41.18917080899459
15 Hours Cafe and Food Land,27.6804112,85.3656384,41.18917080899459
Newari Khaja Ghar,27.6737112,85.3853725,41.18917080899459
Prem Khaja Ghar,27.6747271,85.3880066,41.18917080899459
Basuki Newari Khaja Ghar,27.6822577,85.3824411,41.18917080899459
Micheal Momo,27.6823827,85.3830834,41.18917080899459
New Shikhar Momo And Khaja Ghar,27.6826695,85.3894839,41.18917080899459
Newari Khaja Ghar,27.6822906,85.3905628,41.18917080899459
Unknown Cafe,27.6775906,85.388936,41.18917080899459
Newari Khaja Ghar,27.6772723,85.3887188,41.18917080899459
Sagarmatha Khaja Ghar,27.6762966,85.3886336,41.18917080899459
Unknown Cafe,27.6764522,85.3822721,41.18917080899459
Unknown Cafe,27.6832638,85.387086,41.18917080899459
Bhimsen Momo Centre,27.6832591,85.386968,41.18917080899459
Naya Everest Momo Centre,27.6832048,85.3864872,41.18917080899459
The Basement Cafe,27.7293546,85.3421606,41.18917080899459
NEWA: LASA,27.6829959,85.3877276,41.18917080899459
Madhyapur Tiffin House,27.6829083,85.3882801,41.18917080899459
Sindhupalchowk Khaja Ghar,27.6788732,85.3833852,41.18917080899459
Mokka Cafe,27.6795159,85.3350168,41.18917080899459
Bodhi Books & Bakes,27.7162616,85.3305527,41.18917080899459
Soul Café,27.691806,85.344959,41.18917080899459
IAAS Cafeteria,27.6751461,85.2874319,41.18917080899459
cafe,27.7117998,85.2758089,41.18917080899459
The Bakery Cafe,27.6887757,85.3344293,41.18917080899459
Makoo Bakery,27.6590449,85.3206183,41.18917080899459
Readers Hub,27.6746421,85.3671075,41.18917080899459
The Heritage Cafe,27.6758014,85.3204858,41.18917080899459
Chibha cafe,27.6759963,85.3205554,41.18917080899459
Around The Corner,27.7347248,85.3381497,41.18917080899459
क्याफे डु टेम्पल,27.6739264,85.3255321,41.18917080899459
P.Kathmandu Cafe,27.715951,85.3036895,41.18917080899459
Himalayan Java,27.703746,85.3076481,40.93414317786882
Coffee Club,27.703579,85.3083427,40.884931225632826
Unknown Cafe,27.711818,85.3651931,40.75772388122129
Falcha cafe,27.717935,85.3307553,40.44446972972693
Kingstar Food Cafe,27.6790518,85.3394111,40.34227056312551
Bon Appetit Cafe And Restaurant,27.7149872,85.3102196,40.2518648145339
Unknown Cafe,27.7262508,85.3634911,40.23924579127123
Mummy's Cafe,27.72917,85.326511,40.21885686180441
Freak Street Kaffe,27.7030841,85.3076086,40.08881008082628
Unknown Cafe,27.7234946,85.3622495,40.00080265309704
छाउनी क्याफे,27.7079628,85.2966682,39.955163091285
Newa Cafe And Bar,27.7077425,85.2839162,39.9412741850645
Unknown Cafe,27.6854763,85.3301731,39.847485222631086
Unknown Cafe,27.7366443,85.324754,39.50999466464734
बोन एपेटिट क्याफे र रेस्टुरेन्ट,27.7149364,85.3104391,39.40980741531558
Didiko Khaja ghar,27.6885854,85.3440943,39.36255362572681
एस्प्रेसोलाब कफी,27.7151037,85.3119459,39.35594773976234
Snowman,27.702504,85.3079539,39.327199609987815
Vista B Coffee,27.7104389,85.3185484,39.25222544572078
Cafe De Fire,27.714776,85.3103717,39.02671209790621
Everest Tea House,27.7035939,85.3076355,39.02477925186673
Unknown Cafe,27.7233361,85.3632029,38.90314996280666
The Café with No Name,27.7149427,85.3106301,38.889670551886304
Momoyo,27.7033252,85.3076196,38.81664790088196
The Guchha Momo and Cafe,27.703335,85.3074954,38.77184550825659
Unknown Cafe,27.7033061,85.307447,38.75407855462154
हरे राम हरे कृष्ण भवन,27.7025675,85.3076074,38.715672402970995
Presca's Cafe,27.6989387,85.3384114,38.54592768121777
Supa Deurali Khaja Ghar,27.6886292,85.3441701,38.417751767176995
Unknown Cafe,27.7286503,85.3258848,38.365470696629544
Corner Cafe,27.71504,85.3298055,38.34991261797381
राम्रो खाना क्याफे,27.706281,85.2883237,38.131939403319976
Unknown Cafe,27.7122511,85.3121218,37.854769537727414
Trisara,27.714937,85.3102559,37.80133124491005
पम्परनिकेल बेकरी (थमेल),27.7148283,85.3109232,37.71948843638692
The Coffee Shop,27.7113258,85.3173738,37.654038759345
याला क्याफे,27.7122476,85.3115866,37.53075921446999
Unknown Cafe,27.7234595,85.3631504,37.44868838677268
Unknown Cafe,27.7176564,85.3277502,37.24137901148653
सोहन,27.7063656,85.2970783,37.21088121741392
भिडा क्याफे एण्ड ग्रिल,27.7385183,85.3392568,37.181044572108846
Stupa Tea,27.717834,85.3616274,36.93898121497348
Unknown Cafe,27.7280504,85.3243611,36.83844839656733
एस.के. क्याफे र तन्दुरी हाउस,27.7159752,85.3128841,36.8363363004978
Cafe Central,27.7278492,85.3342873,36.73075728859412
मार्कहम बिस्ट्रो,27.7122466,85.3107287,36.647472600462045
चिया कफी पसल,27.699629,85.3570947,36.59284427009586
SM BAKERY CAFE & GAMING,27.680078,85.3431934,36.53045376501528
केटल क्याफे,27.7121786,85.3113068,36.489990837601376
Unknown Cafe,27.7177129,85.3284511,36.47897631372152
Daami,27.7150391,85.311697,36.16736574605164
मिलेनियम चिया र मसलाको पसल,27.7123968,85.3109214,36.138507684355964
Unknown Cafe,27.7034529,85.3070353,36.05741672574266
Unknown Cafe,27.7238984,85.3651352,35.988091131072075
Unknown Cafe,27.7224812,85.3631641,35.888671365376005
रोयल क्याफे र फास्ट फूड,27.7161614,85.3131819,35.645266442635275
Green Organic Cafe And Farmers Bar,27.7140382,85.3098424,35.593890006244905
Royal Cafe Station,27.7367555,85.3236336,35.588498470907375
Shenature Cafe,27.716157,85.3130675,35.56407364633641
Alley's cafe,27.7034519,85.30679,35.39314002677141
भगवान बाहल क्याफे,27.7153536,85.3123371,35.379500124044725
कफी हाउस,27.714155,85.3129807,35.36972045500838
Unknown Cafe,27.7287819,85.3259752,35.18687235623469
गल्ली क्याफे,27.7034416,85.3067313,34.519406888293204
Unknown Cafe,27.7294145,85.3309557,34.45862365557883
Buddhawraps,27.7145713,85.3105422,34.42499213639574
Coffee Nepal,27.7147203,85.3107101,34.36840545626387
Unknown Cafe,27.7223113,85.363861,34.246754814461674
Yatri cafe,27.7034985,85.3066659,34.243292259469115
Jatra Cafe And Bar,27.7135878,85.3101557,34.177101705280265
Unknown Cafe,27.7240831,85.3642503,34.09868126626665
Bajra Cafe,27.7089027,85.289138,34.08448848739178
Tifin Home,27.7175696,85.3289324,33.983484767931586
Chamena Griha,27.6951667,85.3238823,33.98245802869795
थमेल भिल्ला होटल र जात्रा क्याफे एण्ड बार,27.7138007,85.3102607,33.88224616346018
ब्रेजेल क्याफे एण्ड बार,27.713376,85.3102119,33.56714545518157
Ramsterdam Cafe,27.7268544,85.3645336,33.50918194343321
Niranjana Tea Coffee And Handicrafts Pvt Ltd,27.7132048,85.3103112,33.424419990689884
Unknown Cafe,27.7220987,85.3638741,33.390862497578595
Red pepper cafe,27.7174713,85.3273617,33.27900349128163
Niyalo Cafe,27.7309421,85.3298884,33.250613045575136
Revolution Cafe,27.7150392,85.3125311,33.10193542045613
Unknown Cafe,27.7116394,85.3261359,33.040571301106326
क्याफे मित्रा,27.7126821,85.3111938,32.83433749615893
Mount Strada Coffee,27.7146534,85.3107878,32.76560831844833
Meraki,27.7202241,85.3595381,32.487199623611254
चिया Park,27.7118624,85.3540588,32.48081877379772
Bake House(Hot Breads),27.7135298,85.3102239,32.259722205220164
Oats Cafe,27.6787678,85.3355234,32.089449199355045
जे. के. क्याफे,27.6700281,85.3501531,32.032340536208956
Hotel Band D Cafe,27.6804203,85.3416915,31.976518187940187
T-Time Cafe,27.6784275,85.3349523,31.670387898425414
Unknown Cafe,27.7312652,85.3654296,31.43577790609813
चिया सिया,27.7176702,85.3270375,31.37204402758003
Barista Lavazza,27.718423,85.3189324,31.196740342444052
थमेल कट्टी रोल एण्ड बर्गर सेन्टि,27.71461,85.3112675,31.139315808770018
Unknown Cafe,27.7199706,85.3175898,31.017946319332676
भक्तपुरको स्पेशल दहि पसल,27.7293256,85.3307809,30.960931187483716
Metro City Cafe,27.6762787,85.3387221,30.80059807366469
Basana Cafe & Bar,27.7181501,85.3191252,30.711890490708832
Unknown Cafe,27.7197297,85.3172123,30.62626264815826
Unknown Cafe,27.6720281,85.3463191,30.5486316803949
Espression the cafe,27.7150782,85.3265014,30.39110099460924
ओफुकुरो नो अजी,27.7128527,85.3112566,30.29115314054337
चिलिस रेस्टुरेन्ट,27.7144574,85.3118441,30.26963533801736
Lama's Cafe,27.7303055,85.325174,29.991970297008052
Unknown Cafe,27.7300842,85.3254217,29.911847233813425
Cafe Pashupati,27.7100558,85.3494056,29.834098259056084
Sarita Bakery & Cafe,27.7216891,85.3355606,29.62440041694827
Unknown Cafe,27.6902147,85.3679398,29.605368001759228
Centre Point Cafe,27.7306908,85.3258394,29.586725285054655
Unknown Cafe,27.6900618,85.3676639,29.362550603656928
Phat Khat,27.7138998,85.3105382,29.305167356118364
Bliss Raw cafe,27.7222497,85.3623753,29.145331926179303
Royal Himalayan Cofee,27.7310392,85.3289403,28.951372387088405
Coffee Pasal,27.7126275,85.3174486,28.843925090480127
Unknown Cafe,27.7308836,85.363403,28.84081965345763
Unknown Cafe,27.712684,85.3174635,28.693484830380562
Unknown Cafe,27.7174416,85.3261294,28.658912457839207
हिमालय जाभा २,27.7141537,85.3138962,28.286156849849185
Kavreli cafe,27.7118379,85.3541503,28.1713519637996
Fudo Cafe,27.7295623,85.3308368,28.14823953007036
बेकरी क्याफे,27.7140781,85.3139167,28.065190032474764
महादेवस्थान क्याफे,27.6804359,85.341971,28.014085176414678
Sabrina,27.7333341,85.3380804,27.92122277684277
Penthouse Rooftop Bar & Lounge,27.7129871,85.3175913,27.833670097850202
सम क्याफे,27.7134327,85.3111405,27.772483023363396
Embassy,27.7277227,85.3239607,27.632431997275855
रेडमड क्याफे,27.7276225,85.3238918,27.48789418895862
Coffee Beans,27.7203493,85.3587164,27.41987481727056
Unknown Cafe,27.7344926,85.3704571,27.404889607721795
Unknown Cafe,27.6716214,85.3458904,27.32537036077246
Himalayan Java Coffee,27.7153016,85.3133163,27.286870952439482
Ramailo Chautari Cafe,27.7225539,85.3359433,27.128776307068584
उत्तरी क्याफे,27.7138493,85.3133153,27.021035457668617
गुड टाइम्स क्याफे र लाउन्ज,27.7144373,85.3118688,26.913597454112214
Maya the coffee room,27.7136145,85.3125052,26.880168426821683
शेर्पा होटल एण्ड फास्ट फूड,27.7138978,85.3131611,26.66234633424586
Ringo S Cafe,27.6797805,85.3397379,26.62910573501214
Arabica Coffee,27.7154961,85.3130881,26.58473265127307
NAXA Canteen,27.7307848,85.3295597,26.46057951204118
Holiday Cafe,27.730786,85.3299385,26.367839390140638
Norlahi Momo,27.7257983,85.3501285,26.175394894549775
8 किशोर क्याफे,27.6690092,85.3494937,26.148014461350982
Unknown Cafe,27.7208866,85.3205881,25.967385838776902
Himalayan Cafe,27.7215128,85.3626336,25.875218603042363
Radhe Radhe Bakery Cafe,27.7213424,85.337798,25.660484694761482
Aaha Lumbini Cafe,27.6809019,85.3399198,25.265455953040473
kar.ma cafe,27.713641,85.3123937,25.236740348641646
Chindo Cafe,27.6803835,85.3420585,25.0961111010848
Unknown Cafe,27.7171524,85.3254913,24.862050881060917
Cafe du Pashupati,27.7098173,85.3506801,24.79718580627306
चेमजोङ क्याफे,27.6780068,85.3362614,24.658235190959765
Bahavana coffee,27.7212304,85.3210548,24.455138991433387
Thamel Burger,27.7142966,85.310711,24.163929353920715
Unknown Cafe,27.7270979,85.3237688,24.10417725476395
Unknown Cafe,27.7271204,85.3237404,24.100167238147797
Thamel Sekuwa Corner And Bar,27.7141818,85.3109039,24.021227878525004
Cafe kunz,27.7256094,85.3241388,24.009942155160367
दरबार क्याफे र फास्ट फूड,27.7179881,85.3217275,23.967215059951883
Tribal Cafe,27.7144737,85.3106975,23.386707954457467
Coffee Shop,27.7219218,85.3624147,23.26987337836262
Unknown Cafe,27.7140775,85.3123143,23.261484937763594
Unknown Cafe,27.7214768,85.3201219,23.200260309330805
Mitho Khaja Ghar,27.7278825,85.3423333,23.16776888271853
Unknown Cafe,27.721969,85.3618774,22.663490945646593
स्यान्डविच प्वाइन्ट सेन्टर,27.7138238,85.311258,22.181764681936905
Omei,27.7133125,85.312193,21.96402597575918
Unknown Cafe,27.719572,85.3204067,21.893034332335468
Unknown Cafe,27.7205031,85.3192672,21.835121151912542
Himalayan Java Coffee,27.7219078,85.3616193,21.643732542577837
Filli cafe,27.721161,85.3201245,21.629505772573953
Kar.ma Coffee @ HUB,27.713477,85.312336,21.318633784528462
Himalayan Java Coffee,27.710216,85.3219827,21.016227217019342
काठमाडौं टेरेस,27.7139958,85.3113644,20.790027394204113
Cafe Du Temple,27.7217332,85.3614154,20.637759054647596
cafe bliss,27.7139037,85.3112841,20.58058761384722
Lahana Food Station,27.7138422,85.3113628,20.394384137775212
Unknown Cafe,27.721634,85.3625473,20.378494386266382
Unknown Cafe,27.7125117,85.3185407,20.097195390598
The B2 Cafe,27.7252624,85.3421965,20.061848510116963
Dhumbarahi vojanalaya,27.7276422,85.3416028,19.756204532330138
KTM Bubble Tea,27.7277282,85.3423011,19.37144896348675
साजन फूड क्याफे र स्यान्डविच पसल,27.7134845,85.3120881,19.26728533243744
Red Cafe,27.7353344,85.3376844,19.257595553103837
Secret Garden Cafe,27.7137592,85.311701,19.22642527232605
Peace Corner Food Cafe,27.7174037,85.3251821,19.04895500142304
Cha Cha Cafe,27.7132641,85.3122829,18.89232925979068
Unknown Cafe,27.7162159,85.3250332,18.816175498740655
Kwality cafe,27.726386,85.3233581,17.86197874015325
Unknown Cafe,27.7262151,85.3230798,17.51145690222583
Roadhouse Cafe,27.7209107,85.3619714,17.383100192515954
Unknown Cafe,27.7206883,85.3621215,17.20884044639005
Arabica Coffee,27.7209374,85.3621615,17.16512765791288
Your Koseli,27.7179861,85.3248612,17.09732220647682
AB Coffee Point,27.7249649,85.341577,15.953261617175883
Filli,27.7213867,85.3613665,15.892957965417114
Unknown Cafe,27.7137079,85.3246322,15.830599723696468
Unknown Cafe,27.7201859,85.3627075,15.586887484547416
Old House Cafe,27.7138792,85.3249137,15.50079364376062
Friends cafe,27.7228043,85.3386506,12.645762552780944
Bubble Tea Station,27.7243482,85.3399528,9.050144158236215
Shreya Cafe,27.7243842,85.3399976,9.014809623484647
Lil Bites,27.7241795,85.3398409,8.858039106347519
Ek Cup Chiya,27.7230937,85.3199703,7.335921003011807
Unknown Cafe,27.7121939,85.3213096,6.223505684460848
